{
  "required": true,
  "minVersion": "0.8",
  "package": "me.eve.asm",
  "compatibilityLevel": "JAVA_17",
  "mixins": [
  ],
  "client": [
    "accessors.IClientWorld",
    "accessors.IEntity",
    "accessors.IEntityVelocityUpdateS2CPacket",
    "accessors.IExplosion",
    "accessors.IExplosionS2CPacket",
    "accessors.IHeldItemRenderer",
    "accessors.ILivingEntity",
    "accessors.IMinecraftClient",
    "accessors.IPlayerMoveC2SPacket",
    "accessors.IPlayerPositionLookS2CPacket",
    "accessors.IPostProcessShader",
    "mixins.MixinAbstractSignEditScreen",
    "mixins.MixinArmorFeatureRenderer",
    "mixins.MixinBackgroundRenderer",
    "mixins.MixinBlock",
    "mixins.MixinBlockBreakingInfo",
    "mixins.MixinCactusBlock",
    "mixins.MixinCamera",
    "mixins.MixinChatHud",
    "mixins.MixinChatHudLine",
    "mixins.MixinChatHudLineVisible",
    "mixins.MixinChatInputSuggestor",
    "mixins.MixinChatMessages",
    "mixins.MixinClientConnection",
    "mixins.MixinClientPlayerEntity",
    "mixins.MixinClientPlayerInteractionManager",
    "mixins.MixinClientPlayNetworkHandler",
    "mixins.MixinEndCrystalEntityRenderer",
    "mixins.MixinEntity",
    "mixins.MixinEntityLiving",
    "mixins.MixinEntityRenderer",
    "mixins.MixinFlowableFluid",
    "mixins.MixinGameRenderer",
    "mixins.MixinHandledScreen",
    "mixins.MixinHeldItemRenderer",
    "mixins.MixinInGameHud",
    "mixins.MixinInGameOverlayRenderer",
    "mixins.MixinKeyboard",
    "mixins.MixinLightmapTextureManager",
    "mixins.MixinLivingEntityRenderer",
    "mixins.MixinMinecraftClient",
    "mixins.MixinMultiplayerScreen",
    "mixins.MixinParticleManager",
    "mixins.MixinPlayerEntity",
    "mixins.MixinRenderTickCounter",
    "mixins.MixinShaderEffect",
    "mixins.MixinShulkerBoxBlock",
    "mixins.MixinSplashOverlay",
    "mixins.MixinTitleScreen",
    "mixins.MixinWindow",
    "mixins.MixinWorld",
    "mixins.MixinWorldRenderer"
  ],
  "injectors": {
    "defaultRequire": 1
  }
}
